customer_id,age,gender,city,annual_income,account_years,purchase_amount,items_purchased,discount_percent,payment_method
C1000,46.0,Female,Vancouver,87496.69,10,442.27,4,0.0,Credit Card
C1001,38.0,Female,Toronto,161162.34,1,5041.08,33,,Debit
C1002,48.0,Male,Montreal,91271.31,10,739.32,6,20.0,Debit
C1003,58.0,Other,Vancouver,114922.58,7,149.3,2,5.0,Debit
C1004,37.0,,Vancouver,63939.37,5,215.82,6,15.0,Credit Card
C1005,37.0,Male,Montreal,69305.93,0,604.27,2,5.0,Credit Card
C1006,59.0,Male,Ottawa,46230.27,11,52.86,3,,Credit Card
C1007,49.0,Male,Edmonton,76241.59,0,155.77,2,0.0,PayPal
C1008,,,Vancouver,95383.54,6,652.69,5,15.0,Debit
C1009,47.0,Male,,83954.74,7,423.44,4,25.0,PayPal
C1010,34.0,Male,Vancouver,132839.34,4,217.78,2,10.0,Crypto
C1011,34.0,Male,Edmonton,70660.54,11,99.07,4,20.0,Credit Card
C1012,43.0,Male,,37386.53,10,124.15,3,5.0,Debit
C1013,,Female,Ottawa,73419.42,4,191.18,3,0.0,Debit
C1014,19.0,,Calgary,21670.96,3,81.79,2,10.0,Crypto
C1015,33.0,Female,Vancouver,59337.92,13,538.59,4,20.0,Crypto
C1016,,Male,Ottawa,102487.64,5,509.56,3,10.0,Debit
C1017,44.0,Other,Edmonton,76502.67,13,101.98,4,20.0,Credit Card
C1018,29.0,Male,Montreal,73588.34,5,757.61,4,25.0,Debit
C1019,23.0,Male,Toronto,106415.61,2,186.62,6,,Credit Card
C1020,,,Toronto,64588.0,8,260.97,7,10.0,Debit
C1021,37.0,,Toronto,95236.41,11,184.7,4,10.0,PayPal
C1022,41.0,Female,Vancouver,72586.14,10,110.27,6,10.0,Credit Card
C1023,23.0,Male,,77600.95,13,201.18,3,15.0,Debit
C1024,33.0,Male,,45653.9,6,53.81,3,0.0,Credit Card
C1025,41.0,Female,Montreal,60359.06,0,202.2,5,20.0,Credit Card
C1026,26.0,Female,Edmonton,42049.64,14,243.84,4,25.0,Credit Card
C1027,,Female,Montreal,68095.1,12,302.58,3,10.0,Debit
C1028,33.0,Female,Edmonton,77808.05,6,71.84,2,,PayPal
C1029,36.0,Male,Vancouver,47799.24,4,75.92,6,15.0,PayPal
C1030,33.0,Female,,110983.58,4,293.74,4,0.0,Credit Card
C1031,62.0,Male,Vancouver,75562.12,13,102.28,5,20.0,PayPal
C1032,40.0,Male,,71155.91,12,223.18,2,15.0,Debit
C1033,27.0,Male,Calgary,85393.16,1,542.74,4,25.0,Credit Card
C1034,,Female,Edmonton,53421.44,3,94.77,5,25.0,Credit Card
C1035,25.0,Male,Ottawa,73269.55,11,135.18,3,,Credit Card
C1036,43.0,Male,Ottawa,55662.68,5,469.48,3,10.0,PayPal
C1037,,,Edmonton,101173.6,9,52.53,3,25.0,Debit
C1038,24.0,Male,Calgary,48827.21,14,225.4,5,0.0,Debit
C1039,,Female,Calgary,71263.31,10,315.04,6,15.0,Credit Card
C1040,49.0,Male,,76586.32,6,453.44,3,0.0,Debit
C1041,42.0,Female,Vancouver,77896.51,10,188.64,3,10.0,Credit Card
C1042,39.0,Female,Calgary,58375.3,4,93.48,5,,Credit Card
C1043,36.0,Male,Montreal,52089.81,8,72.98,1,0.0,Debit
C1044,22.0,Male,,58664.1,2,304.92,4,5.0,Credit Card
C1045,31.0,Male,Calgary,80566.51,0,309.85,1,0.0,PayPal
C1046,34.0,,Edmonton,67123.08,3,714.4,3,20.0,Credit Card
C1047,53.0,Other,Toronto,85924.18,8,201.19,3,15.0,Debit
C1048,44.0,Male,,79540.07,3,312.68,2,,Credit Card
C1049,19.0,Female,,24461.75,1,238.6,5,15.0,Debit
C1050,44.0,Male,Toronto,74949.96,9,103.01,6,,Credit Card
C1051,35.0,Female,Edmonton,115009.1,13,307.75,2,10.0,Credit Card
C1052,32.0,Female,Vancouver,96505.38,13,491.95,5,10.0,PayPal
C1053,47.0,Female,Montreal,78440.26,4,390.17,1,5.0,Credit Card
C1054,52.0,Male,Vancouver,48812.16,2,151.78,7,25.0,PayPal
C1055,51.0,Male,Vancouver,79551.07,12,215.21,6,,Crypto
C1056,30.0,Male,Edmonton,84795.0,11,533.06,2,10.0,Credit Card
C1057,,Female,Ottawa,64925.07,12,204.92,6,30.0,Credit Card
C1058,44.0,Female,,76334.84,8,525.07,2,10.0,Debit
C1059,52.0,Other,,100193.25,3,225.53,5,10.0,Crypto
C1060,34.0,Male,Montreal,52854.51,5,236.83,3,15.0,PayPal
C1061,38.0,Female,Montreal,48834.01,1,480.6,2,5.0,Credit Card
C1062,27.0,Female,Calgary,83853.99,5,781.52,4,,Debit
C1063,26.0,Male,Ottawa,554055.9500000001,2,3953.7000000000003,28,20.0,Credit Card
C1064,,Male,Calgary,90576.77,11,194.1,7,15.0,Crypto
C1065,56.0,,Ottawa,81395.88,11,149.11,1,30.0,Crypto
C1066,39.0,Female,Montreal,58644.9,8,131.86,4,30.0,Credit Card
C1067,52.0,,,78643.85,10,156.93,6,,Credit Card
C1068,44.0,,Edmonton,47157.47,1,176.4,2,,Credit Card
C1069,32.0,Female,Montreal,64993.63,14,442.56,4,0.0,Credit Card
C1070,44.0,Male,Montreal,80055.98,11,362.0,5,20.0,PayPal
C1071,58.0,Male,,62789.72,11,408.0,3,,Credit Card
C1072,40.0,Male,Vancouver,119361.04,8,403.59,4,,Credit Card
C1073,59.0,Female,Vancouver,32156.32,4,529.78,8,20.0,Credit Card
C1074,,Female,Edmonton,59050.19,7,146.68,2,5.0,Crypto
C1075,50.0,Female,Vancouver,51244.4,1,299.24,4,0.0,Debit
C1076,41.0,Male,,55993.02,5,64.57,4,,Credit Card
C1077,36.0,Female,Calgary,57140.04,2,65.1,2,25.0,Credit Card
C1078,41.0,,Toronto,43471.59,11,279.32,2,,Crypto
C1079,,,Montreal,85054.04,11,236.91,3,,PayPal
C1080,37.0,Male,Ottawa,59058.09,13,265.37,3,10.0,Credit Card
C1081,44.0,Male,,73271.47,9,383.0,7,20.0,Credit Card
C1082,58.0,,Ottawa,61303.48,4,610.99,2,5.0,Credit Card
C1083,34.0,Male,,56182.39,11,260.55,4,10.0,Credit Card
C1084,30.0,Female,Montreal,103445.58,7,232.53,4,25.0,Debit
C1085,34.0,Female,Calgary,88458.64,9,153.73,5,30.0,PayPal
C1086,,Male,Vancouver,32635.99,13,446.68,3,20.0,Credit Card
C1087,44.0,Female,Edmonton,30517.25,0,163.85,4,5.0,PayPal
C1088,34.0,Male,Calgary,90852.18,4,213.86,5,5.0,Credit Card
C1089,46.0,Female,Edmonton,59602.93,2,388.69,3,15.0,Debit
C1090,41.0,Female,Montreal,37018.35,3,274.19,4,5.0,Debit
C1091,,Female,,90914.7,1,264.11,3,10.0,Credit Card
C1092,32.0,Male,Montreal,73382.48,8,136.37,5,30.0,Credit Card
C1093,36.0,Female,Toronto,75031.42,2,323.78,2,10.0,Debit
C1094,35.0,Female,Edmonton,86190.79,14,869.4,4,20.0,Credit Card
C1095,22.0,Male,Calgary,43800.46,1,92.19,6,30.0,Credit Card
C1096,,Male,Calgary,37369.98,9,109.55,3,,Credit Card
C1097,,Female,Ottawa,101619.09,10,424.08,5,5.0,Crypto
C1098,40.0,,Ottawa,41256.66,8,304.07,3,25.0,Credit Card
C1099,37.0,Female,Ottawa,45555.24,6,584.74,2,0.0,PayPal
C1100,23.0,Female,Montreal,49551.29,5,150.12,4,30.0,Credit Card
C1101,35.0,Female,Calgary,781192.44,0,6314.0,35,15.0,Debit
C1102,36.0,Male,Edmonton,399338.35,4,2266.74,56,0.0,Debit
C1103,30.0,Male,,89308.16,11,125.98,5,5.0,PayPal
C1104,38.0,Male,Toronto,73923.35,10,164.34,7,5.0,Credit Card
C1105,45.0,Female,Ottawa,57962.26,13,262.73,5,0.0,Debit
C1106,63.0,Male,Montreal,82625.83,14,135.93,2,15.0,Debit
C1107,42.0,Female,Montreal,38867.68,10,513.8,2,30.0,Credit Card
C1108,43.0,Female,Toronto,288565.98,2,3700.08,112,30.0,Credit Card
C1109,39.0,,Vancouver,592616.5,0,2378.35,45,,Credit Card
C1110,,,Calgary,42854.9,3,232.82,4,20.0,Credit Card
C1111,40.0,Female,Edmonton,66218.37,12,465.18,4,10.0,PayPal
C1112,,Male,Vancouver,67129.75,1,248.59,4,25.0,Credit Card
C1113,70.0,Female,Ottawa,59426.76,1,790.62,4,20.0,Credit Card
C1114,38.0,Male,Montreal,30977.63,2,363.59,2,30.0,Debit
C1115,44.0,Male,Toronto,57421.42,7,140.81,2,,Credit Card
C1116,40.0,,Toronto,642007.5599999999,7,1145.9,52,,Credit Card
C1117,,Male,Calgary,73228.8,11,495.36,1,25.0,Credit Card
C1118,54.0,Male,,72209.81,14,190.04,4,25.0,Crypto
C1119,,Female,Calgary,77559.23,6,285.48,4,5.0,PayPal
C1120,49.0,Female,Montreal,621282.97,5,227.81,12,25.0,PayPal
C1121,29.0,,Calgary,80455.56,8,262.99,3,15.0,Credit Card
C1122,57.0,Female,Edmonton,38879.87,3,82.45,2,0.0,Debit
C1123,23.0,Female,Toronto,302057.19000000006,11,896.17,39,30.0,Credit Card
C1124,47.0,Male,Toronto,23288.55,0,544.88,5,15.0,Credit Card
C1125,66.0,Male,Ottawa,60014.06,7,207.46,5,,Credit Card
C1126,28.0,Male,Ottawa,54934.04,6,199.88,2,20.0,Debit
C1127,,,Montreal,85786.31,6,836.76,4,,Credit Card
C1128,41.0,Female,Edmonton,57026.75,14,471.98,4,0.0,Credit Card
C1129,34.0,Male,Vancouver,679207.77,2,9871.8,39,,Credit Card
C1130,21.0,,Calgary,86265.93,3,556.37,3,0.0,Credit Card
C1131,41.0,Female,Montreal,56273.62,9,430.94,4,25.0,Debit
C1132,27.0,Male,Ottawa,987493.5199999999,8,10888.16,42,5.0,Credit Card
C1133,46.0,Female,Calgary,90038.55,14,147.37,4,30.0,Debit
C1134,29.0,Female,Ottawa,45236.74,5,133.65,3,20.0,Credit Card
C1135,59.0,Female,Calgary,70497.05,14,81.8,2,30.0,PayPal
C1136,31.0,Male,Vancouver,56359.31,14,57.6,1,,Debit
C1137,36.0,Female,Montreal,46510.2,4,281.59,4,25.0,Credit Card
C1138,50.0,,Calgary,39270.97,2,72.92,5,,Credit Card
C1139,25.0,Female,,46187.03,8,106.75,5,20.0,Debit
C1140,43.0,Female,Toronto,71200.58,4,223.36,4,20.0,PayPal
C1141,56.0,Female,,37783.11,4,16.94,4,25.0,Credit Card
C1142,,Female,,58985.46,13,246.57,7,10.0,Credit Card
C1143,42.0,Male,Toronto,86263.89,3,262.66,5,30.0,PayPal
C1144,43.0,Female,Edmonton,78980.22,13,804.12,5,5.0,Debit
C1145,49.0,Female,Calgary,59389.85,3,300.11,6,30.0,Credit Card
C1146,25.0,Male,,103793.81,11,281.92,2,,Credit Card
C1147,24.0,Female,Calgary,107860.73,0,640.35,5,,Credit Card
C1148,46.0,Female,Toronto,70522.45,6,220.23,3,15.0,Debit
C1149,,Female,Edmonton,20629.14,8,295.46,5,5.0,Credit Card
C1150,43.0,Male,Toronto,87728.96,2,474.59,6,30.0,Crypto
C1151,44.0,Male,Calgary,24120.47,11,149.7,3,,Credit Card
C1152,32.0,Other,Edmonton,99522.92,12,476.65,5,25.0,Credit Card
C1153,43.0,Female,,91671.7,14,86.89,2,25.0,Debit
C1154,44.0,Male,Ottawa,105484.25,1,397.26,3,10.0,PayPal
C1155,31.0,,Ottawa,75205.31,2,398.84,5,5.0,PayPal
C1156,62.0,Female,Vancouver,62772.28,0,196.16,2,15.0,Credit Card
C1157,,Female,Montreal,60997.98,5,229.55,2,5.0,Debit
C1158,26.0,Female,,59074.8,10,681.1,1,25.0,Debit
C1159,48.0,Male,Toronto,89621.37,10,241.46,4,20.0,Credit Card
C1160,28.0,Male,Ottawa,84245.43,6,366.88,4,0.0,Credit Card
C1161,49.0,Male,Vancouver,72404.51,10,269.23,5,10.0,Credit Card
C1162,54.0,Female,,55556.37,10,159.7,3,20.0,Credit Card
C1163,30.0,Male,Vancouver,122584.25,1,168.06,4,30.0,PayPal
C1164,52.0,,Edmonton,88247.49,7,335.84,7,15.0,Credit Card
C1165,45.0,Male,Edmonton,38045.76,13,597.96,3,20.0,Crypto
C1166,50.0,Female,Montreal,59674.88,5,91.51,3,30.0,Credit Card
C1167,63.0,Female,,88635.52,13,650.23,3,20.0,Debit
C1168,37.0,Male,Toronto,54009.22,3,389.88,5,15.0,Credit Card
C1169,31.0,,Toronto,77030.96,4,220.38,2,20.0,Credit Card
C1170,29.0,Female,Calgary,89015.93,7,322.77,5,10.0,Credit Card
C1171,,Male,Edmonton,20000.0,13,385.59,4,,Credit Card
C1172,39.0,,Toronto,67839.25,2,111.17,4,5.0,Debit
C1173,44.0,Male,Montreal,68624.18,2,233.44,6,,Credit Card
C1174,43.0,Male,Edmonton,61758.55,13,260.67,4,10.0,Debit
C1175,50.0,Male,Montreal,76033.9,14,65.54,2,5.0,Credit Card
C1176,40.0,Female,Toronto,83150.39,13,438.77,2,30.0,Credit Card
C1177,,Male,Toronto,72841.02,10,165.45,4,5.0,Credit Card
C1178,37.0,Female,Calgary,62523.45,3,172.6,6,30.0,PayPal
C1179,73.0,Male,Toronto,82652.43,0,245.61,5,20.0,Debit
C1180,48.0,Female,Edmonton,70981.07,8,347.4,3,,Credit Card
C1181,30.0,Female,Edmonton,65385.99,7,331.21,8,,Credit Card
C1182,27.0,Male,Edmonton,43754.41,7,268.56,1,20.0,Credit Card
C1183,46.0,Female,Calgary,38746.9,13,323.13,5,30.0,Crypto
C1184,37.0,Male,Calgary,43375.4,9,152.85,3,,Debit
C1185,49.0,Other,,75566.58,5,288.74,4,,Credit Card
C1186,46.0,Male,Vancouver,68418.43,6,369.46,2,20.0,Debit
C1187,39.0,Male,Vancouver,40394.32,5,170.27,4,30.0,Credit Card
C1188,30.0,,Calgary,82918.36,8,264.74,2,5.0,Crypto
C1189,,Other,Toronto,97486.19,2,374.71,4,30.0,Credit Card
C1190,35.0,Female,Vancouver,58030.13,13,245.29,7,,Debit
C1191,50.0,Female,Toronto,35180.36,2,96.42,4,0.0,Credit Card
C1192,43.0,,Toronto,55817.47,2,591.67,3,20.0,Debit
C1193,25.0,Female,,87089.21,9,527.75,2,25.0,Debit
C1194,42.0,Male,Ottawa,80970.6,2,258.88,5,20.0,Debit
C1195,45.0,Female,Edmonton,51551.35,8,645.09,5,5.0,Debit
C1196,29.0,Male,Toronto,100423.44,11,385.26,4,10.0,PayPal
C1197,42.0,Male,Ottawa,96965.6,3,225.05,2,30.0,Credit Card
C1198,41.0,,Calgary,55339.88,12,155.46,5,15.0,Credit Card
C1199,26.0,Male,Vancouver,55134.2,6,111.66,3,25.0,Credit Card
C1200,44.0,,Edmonton,58143.44,13,233.76,5,10.0,Crypto
C1201,47.0,Male,,59853.34,14,134.28,2,20.0,Credit Card
C1202,53.0,Female,Edmonton,89010.76,8,143.2,6,,Debit
C1203,53.0,Male,Vancouver,78506.58,10,324.59,4,10.0,Debit
C1204,,Female,Edmonton,87541.58,11,87.52,2,0.0,Credit Card
C1205,,Male,Vancouver,83471.3,6,67.18,3,25.0,Credit Card
C1206,46.0,Male,,104290.54,8,278.16,2,5.0,Credit Card
C1207,46.0,Female,Vancouver,48812.29,11,378.24,6,10.0,Credit Card
C1208,,Male,,77607.17,2,338.61,2,10.0,Credit Card
C1209,86.0,Male,,26523.57,14,68.89,4,0.0,Credit Card
C1210,,,Toronto,43660.89,3,153.66,3,20.0,PayPal
C1211,54.0,Female,Montreal,68502.93,13,168.07,4,30.0,Crypto
C1212,51.0,Male,Ottawa,78364.13,7,72.85,3,,Credit Card
C1213,48.0,,Montreal,67963.69,5,265.8,6,25.0,Credit Card
C1214,36.0,Female,Montreal,58656.15,4,299.64,5,25.0,Credit Card
C1215,,Male,Edmonton,62211.64,12,227.96,6,5.0,Debit
C1216,31.0,,,97388.82,3,71.8,3,10.0,PayPal
C1217,37.0,Male,Edmonton,62319.36,7,791.25,4,15.0,Credit Card
C1218,34.0,Female,Toronto,104984.83,0,142.14,3,,Credit Card
C1219,41.0,Female,Toronto,85880.34,13,468.55,2,30.0,Debit
C1220,68.0,,Vancouver,79150.75,8,597.37,4,,Debit
C1221,18.0,Male,Calgary,46128.06,0,194.76,2,10.0,Credit Card
C1222,48.0,Male,Vancouver,88704.76,7,339.15,8,0.0,Debit
C1223,21.0,Female,Calgary,300622.94999999995,3,445.6,98,30.0,Credit Card
C1224,34.0,Male,Edmonton,46111.2,8,200.53,4,10.0,Credit Card
C1225,,Male,Calgary,80256.87,13,346.55,5,10.0,Debit
C1226,41.0,Female,Edmonton,42241.08,10,261.97,2,,PayPal
C1227,27.0,Male,Montreal,54755.17,4,406.57,2,15.0,Credit Card
C1228,31.0,Female,Montreal,69797.68,2,184.3,3,30.0,PayPal
C1229,48.0,Male,Calgary,114368.43,8,468.51,4,,Credit Card
C1230,31.0,Male,Calgary,56261.68,10,125.47,4,0.0,Debit
C1231,43.0,Male,Edmonton,60835.67,13,342.03,2,10.0,Credit Card
C1232,,,Vancouver,84646.9,13,171.37,5,,PayPal
C1233,32.0,Female,Edmonton,45234.09,8,62.74,2,15.0,PayPal
C1234,,Female,Vancouver,78856.13,3,401.97,4,,Credit Card
C1235,48.0,Male,Montreal,94118.54,10,151.01,4,30.0,PayPal
C1236,,Female,Toronto,63858.1,3,117.91,2,10.0,PayPal
C1237,42.0,Male,Calgary,90523.09,11,539.76,3,5.0,Debit
C1238,32.0,Male,,75829.0,7,433.54,5,5.0,Credit Card
C1239,50.0,,Edmonton,55386.36,1,113.88,3,25.0,PayPal
C1240,30.0,Male,Montreal,66043.91,8,100.58,1,15.0,PayPal
C1241,39.0,Male,Vancouver,62404.85,12,186.88,5,20.0,Credit Card
C1242,46.0,Male,Edmonton,68247.23,13,106.59,1,5.0,Crypto
C1243,50.0,Male,Calgary,73054.36,5,612.46,3,20.0,Credit Card
C1244,,Male,,81764.0,8,59.15,6,0.0,Credit Card
C1245,36.0,Female,Ottawa,80173.36,7,725.91,2,5.0,Credit Card
C1246,,,Toronto,21365.73,14,333.71,6,5.0,Debit
C1247,32.0,Female,Ottawa,748592.24,14,5234.599999999999,50,15.0,Debit
C1248,61.0,Female,,39811.56,6,279.05,5,25.0,Credit Card
C1249,45.0,Male,Vancouver,64485.45,12,68.25,4,20.0,Crypto
C1250,,Male,Montreal,67524.21,13,426.72,7,30.0,Credit Card
C1251,51.0,Male,Edmonton,89522.97,0,265.93,3,5.0,Credit Card
C1252,65.0,Female,Calgary,69397.69,13,125.04,5,5.0,Credit Card
C1253,52.0,Male,Ottawa,75184.36,11,501.76,3,15.0,Debit
C1254,22.0,Female,Ottawa,85861.13,2,478.47,6,15.0,PayPal
C1255,34.0,Male,Ottawa,94555.05,10,503.27,4,25.0,Debit
C1256,55.0,,Montreal,67539.72,13,459.79,4,20.0,PayPal
C1257,32.0,Male,,71883.59,1,176.36,4,0.0,Credit Card
C1258,45.0,Male,Vancouver,70200.47,4,367.53,2,30.0,Credit Card
C1259,49.0,Female,Edmonton,59148.02,14,495.29,4,25.0,Credit Card
C1260,29.0,,Vancouver,54617.7,4,463.26,7,0.0,Credit Card
C1261,39.0,Male,Montreal,319309.64,4,125.3,20,,Credit Card
C1262,,Female,,339267.45999999996,3,1235.0,18,5.0,Debit
C1263,28.0,Female,,34427.38,4,153.36,4,20.0,Credit Card
C1264,,Female,Toronto,95103.97,2,607.69,4,25.0,Debit
C1265,25.0,Female,Montreal,73768.32,11,249.5,3,5.0,Credit Card
C1266,60.0,Male,Montreal,67481.22,0,348.89,4,,Credit Card
C1267,23.0,,Calgary,55650.3,4,295.64,1,20.0,Debit
C1268,,Male,Vancouver,70595.59,12,569.69,9,20.0,Credit Card
C1269,42.0,Female,,53040.4,8,731.9,2,,PayPal
C1270,,Female,,73480.37,12,267.12,2,25.0,Debit
C1271,,Male,Ottawa,74914.68,8,305.45,4,30.0,Credit Card
C1272,54.0,Male,Ottawa,52772.33,3,589.93,3,15.0,Crypto
C1273,40.0,Female,Edmonton,52390.76,2,108.38,3,5.0,Credit Card
C1274,28.0,,Toronto,89243.99,0,119.07,4,20.0,Credit Card
C1275,46.0,Female,Calgary,68942.8,1,161.34,5,25.0,Debit
C1276,42.0,Male,Toronto,54379.59,7,421.61,4,,Credit Card
C1277,,Male,Edmonton,62589.87,0,272.52,8,10.0,PayPal
C1278,41.0,Male,Ottawa,49788.12,7,162.58,4,0.0,PayPal
C1279,35.0,Female,,68656.33,12,549.13,4,20.0,Crypto
C1280,41.0,Male,,86632.57,6,73.7,4,10.0,Credit Card
C1281,48.0,Female,Calgary,555572.72,14,1567.8,36,15.0,Credit Card
C1282,59.0,Male,Ottawa,117272.67,7,234.14,6,30.0,Debit
C1283,25.0,Female,Calgary,78427.19,11,729.83,5,30.0,Credit Card
C1284,66.0,,Calgary,522193.63,5,1923.72,30,20.0,Credit Card
C1285,,Female,Calgary,51833.96,11,367.76,3,30.0,Credit Card
C1286,38.0,Male,,65229.33,13,233.82,7,10.0,Credit Card
C1287,47.0,Male,Calgary,54419.72,14,101.79,4,20.0,Credit Card
C1288,43.0,Male,Calgary,26687.1,14,363.3,3,5.0,PayPal
C1289,33.0,Female,Vancouver,89485.24,8,211.41,7,25.0,PayPal
C1290,38.0,Female,Toronto,59770.99,2,177.44,5,10.0,Credit Card
C1291,,Female,Montreal,54792.0,9,88.87,4,25.0,Credit Card
C1292,33.0,Female,Toronto,74211.4,3,273.93,4,5.0,Credit Card
C1293,,,Calgary,80249.99,12,629.46,7,5.0,PayPal
C1294,44.0,Male,Vancouver,508676.0,5,2158.13,30,25.0,Credit Card
C1295,32.0,Female,Ottawa,69947.97,7,109.26,3,10.0,Debit
C1296,51.0,Male,Vancouver,84923.75,4,63.11,2,25.0,Credit Card
C1297,44.0,Male,,62796.13,2,57.37,4,25.0,Debit
C1298,50.0,Female,,76046.67,5,238.03,5,0.0,Credit Card
C1299,48.0,Male,Vancouver,36815.11,3,275.78,6,10.0,Debit
C1300,,Male,Calgary,45173.62,8,336.39,7,,Credit Card
C1301,,Female,Edmonton,82110.8,12,245.55,3,20.0,Debit
C1302,49.0,Male,Vancouver,44128.83,2,294.2,5,,Credit Card
C1303,47.0,Female,Montreal,74682.75,3,624.69,5,25.0,Debit
C1304,40.0,Male,Montreal,67060.02,6,548.54,1,20.0,PayPal
C1305,41.0,Male,Vancouver,62710.65,6,531.9,5,10.0,Credit Card
C1306,55.0,Male,Edmonton,53430.74,11,483.3,6,25.0,PayPal
C1307,33.0,Male,Ottawa,88186.8,11,393.85,3,30.0,Debit
C1308,47.0,Female,,104597.82,3,72.08,6,20.0,Credit Card
C1309,38.0,Male,Montreal,76003.84,5,223.86,5,,Credit Card
C1310,37.0,Female,Ottawa,76449.81,11,312.02,6,5.0,Credit Card
C1311,53.0,Male,Vancouver,56353.39,12,135.23,3,25.0,Debit
C1312,,Female,,46078.06,2,689.15,3,,Debit
C1313,50.0,Female,Toronto,69205.22,5,206.39,1,5.0,Credit Card
C1314,56.0,,Montreal,50525.01,11,65.74,5,,Credit Card
C1315,,Male,Vancouver,34547.8,1,197.7,2,20.0,PayPal
C1316,48.0,Male,Calgary,86068.92,7,341.56,3,,PayPal
C1317,36.0,Male,Edmonton,87043.34,1,135.25,4,,Credit Card
C1318,44.0,Female,Vancouver,52823.22,10,235.89,3,25.0,Crypto
C1319,38.0,Male,Calgary,74879.29,6,67.02,3,5.0,Credit Card
C1320,,Female,Edmonton,90039.05,8,189.91,2,5.0,Credit Card
C1321,47.0,Female,Edmonton,74100.53,0,262.8,4,20.0,PayPal
C1322,30.0,,Vancouver,46136.91,7,244.97,5,25.0,Credit Card
C1323,65.0,Female,Ottawa,65342.13,6,430.31,7,15.0,Credit Card
C1324,,Male,Ottawa,96536.19,5,123.2,4,15.0,Credit Card
C1325,25.0,Male,Edmonton,74940.53,5,328.74,3,20.0,PayPal
C1326,54.0,Female,Ottawa,80782.64,5,373.77,4,25.0,PayPal
C1327,49.0,Female,Toronto,76832.58,8,155.09,2,20.0,Credit Card
C1328,47.0,Female,Edmonton,52889.77,1,134.56,3,25.0,Credit Card
C1329,48.0,Male,,57583.1,0,692.41,2,30.0,Credit Card
C1330,40.0,Male,Calgary,76777.3,12,210.4,4,30.0,Debit
C1331,29.0,,Ottawa,86337.44,11,338.9,5,0.0,Credit Card
C1332,41.0,Female,Edmonton,91998.1,5,348.4,3,,Debit
C1333,32.0,,Toronto,52837.89,9,82.79,3,25.0,Credit Card
C1334,52.0,Male,,78662.41,10,298.26,4,15.0,Credit Card
C1335,38.0,Female,Vancouver,93740.88,7,288.23,3,25.0,Credit Card
C1336,30.0,Male,,50258.36,2,694.77,3,30.0,Credit Card
C1337,36.0,Male,Toronto,99734.94,11,288.13,4,25.0,PayPal
C1338,,Female,Montreal,102778.82,9,420.24,2,20.0,Credit Card
C1339,,Male,,122501.73,0,431.01,7,0.0,Credit Card
C1340,30.0,,Toronto,74618.67,8,215.22,3,0.0,Credit Card
C1341,,Male,,74728.49,12,851.31,3,0.0,Credit Card
C1342,43.0,Male,Vancouver,86539.89,12,148.68,3,0.0,Credit Card
C1343,34.0,Female,Montreal,85956.05,0,66.32,5,30.0,Credit Card
C1344,34.0,Female,Ottawa,92527.34,2,184.23,2,10.0,Credit Card
C1345,43.0,Female,Ottawa,85680.66,7,55.71,3,20.0,Debit
C1346,23.0,Female,Toronto,67878.76,13,156.13,5,5.0,Credit Card
C1347,23.0,Female,Calgary,1227719.22,2,4953.68,36,20.0,Credit Card
C1348,31.0,Female,Calgary,291449.52,12,5220.87,48,,Crypto
C1349,37.0,Female,,70117.05,3,199.06,4,0.0,Credit Card
C1350,,Male,,101274.71,7,155.01,7,,Credit Card
C1351,58.0,Female,Vancouver,44995.07,0,182.37,4,15.0,Credit Card
C1352,50.0,,Montreal,56450.49,12,368.12,4,15.0,Credit Card
C1353,38.0,Other,Edmonton,83434.95,12,116.28,2,30.0,Debit
C1354,,Female,Edmonton,77878.24,5,155.63,3,20.0,Credit Card
C1355,28.0,Male,Vancouver,52499.49,0,322.75,5,,Debit
C1356,40.0,,,61676.12,13,277.99,4,5.0,Credit Card
C1357,37.0,,Vancouver,46384.36,0,63.21,4,30.0,Credit Card
C1358,44.0,Male,Calgary,89609.7,13,492.78,3,5.0,Debit
C1359,30.0,Female,Edmonton,64882.37,7,185.96,4,15.0,Credit Card
C1360,46.0,,Toronto,1481803.68,10,1584.15,26,0.0,Debit
C1361,58.0,Male,,71622.0,3,85.88,3,10.0,Credit Card
C1362,39.0,Female,Ottawa,65605.19,11,497.1,3,5.0,Debit
C1363,,Male,Calgary,63663.56,0,35.58,4,,Credit Card
C1364,48.0,,,846508.0,9,4773.58,30,5.0,PayPal
C1365,35.0,Other,Calgary,72216.42,6,440.14,4,0.0,Credit Card
C1366,43.0,Female,Toronto,120248.15,4,197.11,7,0.0,PayPal
C1367,40.0,,Toronto,63222.81,4,654.41,3,20.0,Credit Card
C1368,41.0,Female,Edmonton,63872.93,0,121.64,6,10.0,Debit
C1369,31.0,Female,Calgary,71311.88,13,366.36,7,0.0,Credit Card
C1370,40.0,Male,Calgary,91805.49,9,280.31,7,,PayPal
C1371,46.0,Female,Toronto,41580.31,10,705.95,4,5.0,Credit Card
C1372,,,Montreal,79101.85,5,213.45,5,5.0,Credit Card
C1373,,,Ottawa,53651.5,13,342.52,4,15.0,Credit Card
C1374,66.0,Male,Ottawa,81065.45,8,279.13,3,0.0,Credit Card
C1375,31.0,Male,Calgary,60124.8,8,72.78,6,25.0,Credit Card
C1376,50.0,Male,Ottawa,23917.95,7,235.04,5,20.0,PayPal
C1377,42.0,Female,Toronto,77391.55,4,168.7,3,10.0,Crypto
C1378,66.0,Male,Toronto,695006.1,0,5327.41,13,25.0,Credit Card
C1379,30.0,Female,Calgary,58418.39,8,346.8,1,20.0,PayPal
C1380,,Male,Calgary,57233.12,0,576.29,6,5.0,Credit Card
C1381,,Male,Edmonton,43772.55,7,27.38,7,25.0,Credit Card
C1382,,Female,Calgary,85462.0,4,260.08,2,20.0,Debit
C1383,34.0,Female,Montreal,87644.32,2,91.59,3,5.0,Debit
C1384,31.0,,Ottawa,52418.98,10,369.5,6,5.0,Crypto
C1385,42.0,Female,Calgary,59201.31,6,881.98,5,5.0,Credit Card
C1386,44.0,Female,Vancouver,68734.22,6,205.09,4,5.0,Debit
C1387,,Female,Edmonton,115417.31,8,144.0,3,30.0,Credit Card
C1388,51.0,,Vancouver,80902.43,6,185.1,1,5.0,Credit Card
C1389,33.0,Male,Toronto,51131.69,12,92.72,5,,Credit Card
C1390,29.0,Female,Ottawa,76075.61,10,15.66,6,25.0,Crypto
C1391,46.0,Male,Calgary,42466.17,13,308.6,3,20.0,PayPal
C1392,24.0,Female,Vancouver,84359.81,2,252.01,4,,Debit
C1393,62.0,,Ottawa,103510.95,10,146.93,8,,Credit Card
C1394,54.0,Female,Toronto,103595.83,12,110.44,6,15.0,Credit Card
C1395,34.0,Female,Montreal,84697.87,14,437.95,4,0.0,Credit Card
C1396,19.0,Other,Edmonton,58331.75,13,547.59,2,0.0,Credit Card
C1397,56.0,Male,Ottawa,43981.96,12,284.02,4,0.0,Credit Card
C1398,,Female,Ottawa,41995.9,0,38.2,5,10.0,Debit
C1399,55.0,Male,Montreal,20000.0,7,228.37,2,0.0,Credit Card
C1400,21.0,Male,Ottawa,83877.12,11,323.52,4,20.0,Credit Card
C1401,33.0,Female,Toronto,67943.29,2,210.89,4,15.0,Credit Card
C1402,40.0,Female,,88184.32,11,228.74,5,,Credit Card
C1403,41.0,Other,Montreal,98560.63,7,155.15,2,25.0,Credit Card
C1404,35.0,Female,Edmonton,71998.11,7,214.28,3,0.0,PayPal
C1405,,Male,,72919.23,12,464.07,4,30.0,Debit
C1406,27.0,,,60713.59,4,295.32,3,10.0,PayPal
C1407,38.0,Female,Calgary,63078.31,12,173.13,2,,Credit Card
C1408,41.0,,Ottawa,84569.4,11,211.33,2,30.0,Credit Card
C1409,46.0,Male,Vancouver,66512.5,12,577.64,4,10.0,Credit Card
C1410,49.0,Male,Montreal,63619.85,0,112.3,1,25.0,PayPal
C1411,27.0,Male,Montreal,69633.66,12,156.34,4,15.0,Debit
C1412,22.0,Male,Edmonton,87726.6,9,228.39,2,,Credit Card
C1413,55.0,Male,Vancouver,56146.77,6,165.45,2,5.0,Credit Card
C1414,44.0,Male,Toronto,68669.43,11,560.73,8,20.0,Credit Card
C1415,31.0,Male,Vancouver,74905.56,9,471.2,4,0.0,Debit
C1416,59.0,Other,Ottawa,93204.44,4,224.81,3,30.0,PayPal
C1417,,Male,,65214.06,7,839.2,5,5.0,Debit
C1418,54.0,,,55643.53,8,310.38,5,10.0,Credit Card
C1419,41.0,Female,,60312.78,10,629.28,1,,Credit Card
C1420,65.0,Male,Calgary,91061.15,13,592.93,4,15.0,Credit Card
C1421,61.0,Female,Edmonton,110666.11,6,340.33,4,10.0,Credit Card
C1422,37.0,Female,Calgary,43724.84,13,105.73,8,0.0,Credit Card
C1423,52.0,Male,Edmonton,48093.97,12,270.25,4,10.0,Debit
C1424,48.0,Male,Ottawa,66624.06,14,152.35,3,25.0,Debit
C1425,,Female,Calgary,72219.12,6,365.04,5,30.0,Credit Card
C1426,28.0,Female,Vancouver,85739.39,0,328.09,3,30.0,PayPal
C1427,48.0,Male,,52177.34,14,300.44,3,0.0,Credit Card
C1428,53.0,Female,Calgary,48737.82,3,424.55,4,,Credit Card
C1429,19.0,Male,Vancouver,72761.74,1,318.81,1,10.0,Credit Card
C1430,26.0,Other,Ottawa,64831.99,1,244.02,1,0.0,Credit Card
C1431,,Male,Toronto,88534.42,1,98.82,4,30.0,Credit Card
C1432,37.0,,Ottawa,79747.2,3,163.8,5,5.0,Credit Card
C1433,49.0,Female,Edmonton,81107.59,13,119.5,7,,Credit Card
C1434,58.0,Female,Ottawa,67910.37,0,441.06,5,15.0,Crypto
C1435,41.0,Female,Edmonton,117111.61,14,233.28,3,10.0,Credit Card
C1436,,Male,Vancouver,53245.04,3,301.27,3,20.0,Credit Card
C1437,23.0,Male,Toronto,82216.2,1,184.19,9,10.0,Credit Card
C1438,20.0,Male,Vancouver,44606.2,4,509.02,5,20.0,Debit
C1439,39.0,Male,Montreal,48530.65,2,380.3,4,5.0,Credit Card
C1440,,Female,Vancouver,57853.09,14,277.75,2,10.0,PayPal
C1441,,,Edmonton,102586.47,11,250.78,3,5.0,Credit Card
C1442,,Male,Vancouver,75277.89,7,140.69,2,5.0,Credit Card
C1443,39.0,Other,Vancouver,58190.44,3,166.51,4,30.0,Debit
C1444,24.0,Female,Toronto,77488.73,0,72.88,5,0.0,Credit Card
C1445,48.0,Female,,70702.96,0,385.12,1,,Credit Card
C1446,44.0,Other,,60160.53,11,407.28,3,,Credit Card
C1447,29.0,Male,Calgary,42067.42,9,418.56,6,,Debit
C1448,34.0,Male,Montreal,98770.85,2,125.77,6,30.0,Credit Card
C1449,27.0,Female,Toronto,74196.36,14,604.68,4,,Credit Card
C1450,39.0,Female,Edmonton,113474.77,8,205.56,2,30.0,Crypto
C1451,51.0,Male,,88806.43,6,356.85,4,10.0,Credit Card
C1452,,Female,Toronto,81026.39,1,97.15,3,,PayPal
C1453,46.0,Male,Toronto,61295.91,14,524.75,6,30.0,Debit
C1454,34.0,Male,Montreal,48093.09,12,397.38,2,0.0,Credit Card
C1455,30.0,Female,Edmonton,65645.38,8,211.72,4,5.0,Credit Card
C1456,,Female,Ottawa,47514.15,9,185.62,4,0.0,Credit Card
C1457,28.0,Female,,83003.81,1,391.29,5,20.0,Debit
C1458,33.0,Male,Toronto,102653.05,2,523.83,3,30.0,Debit
C1459,26.0,Female,Vancouver,64781.75,10,141.42,3,5.0,Debit
C1460,64.0,Male,Edmonton,88889.82,12,243.18,2,0.0,PayPal
C1461,40.0,Male,Calgary,56215.42,9,180.78,1,30.0,Debit
C1462,32.0,Female,Vancouver,63950.66,13,539.02,3,30.0,Credit Card
C1463,43.0,,Vancouver,53700.72,1,168.09,3,15.0,Credit Card
C1464,39.0,Female,Edmonton,27337.34,2,100.3,2,15.0,PayPal
C1465,37.0,Female,Toronto,69269.33,5,402.36,6,5.0,Credit Card
C1466,47.0,Female,Toronto,580552.24,8,8613.75,64,,Credit Card
C1467,49.0,Female,Toronto,91317.22,8,387.85,3,15.0,Debit
C1468,34.0,,Toronto,85908.77,6,498.88,3,15.0,Credit Card
C1469,33.0,Male,Ottawa,861790.6,11,12878.72,24,20.0,PayPal
C1470,37.0,,Toronto,50519.28,2,709.44,2,0.0,Debit
C1471,,Male,,79189.95,3,714.28,3,15.0,Credit Card
C1472,22.0,Female,,101651.88,5,182.4,3,10.0,PayPal
C1473,56.0,Female,Toronto,77597.36,10,405.14,6,,Credit Card
C1474,60.0,Male,Montreal,106571.87,4,289.14,1,,Credit Card
C1475,37.0,Male,Calgary,110379.32,1,285.74,4,15.0,Credit Card
C1476,47.0,Female,Vancouver,64630.63,12,511.82,3,0.0,Credit Card
C1477,,Male,,56061.21,5,369.6,6,30.0,Credit Card
C1478,77.0,Female,Edmonton,54770.76,2,248.49,4,0.0,Credit Card
C1479,53.0,Female,Edmonton,39677.28,13,160.86,6,,Credit Card
C1480,38.0,Female,Calgary,59631.94,7,371.61,7,10.0,Credit Card
C1481,29.0,,,94153.31,1,232.69,4,0.0,Debit
C1482,21.0,Female,Montreal,25919.25,0,510.29,6,20.0,PayPal
C1483,,Male,Edmonton,49250.93,8,500.58,3,10.0,Credit Card
C1484,31.0,Female,Vancouver,67457.37,13,338.11,1,25.0,Credit Card
C1485,23.0,Female,Vancouver,52456.3,11,118.04,7,10.0,Credit Card
C1486,32.0,Male,Ottawa,59454.28,2,195.89,6,20.0,Credit Card
C1487,27.0,Female,Toronto,59753.41,10,732.16,4,15.0,Debit
C1488,,Female,Montreal,64849.2,0,363.77,7,20.0,Debit
C1489,51.0,,,55410.91,6,573.04,4,,Credit Card
C1490,40.0,Female,Montreal,53775.74,12,122.44,2,15.0,Credit Card
C1491,58.0,Female,Toronto,88686.19,14,1262.55,1,15.0,Credit Card
C1492,,Female,,90993.08,9,63.56,3,15.0,Debit
C1493,30.0,Female,,42389.13,4,367.26,3,15.0,Credit Card
C1494,,,Toronto,20000.0,4,57.91,5,,Crypto
C1495,46.0,Female,Ottawa,91267.5,13,510.28,6,20.0,Debit
C1496,28.0,Female,Toronto,45423.99,0,141.87,2,5.0,Credit Card
C1497,38.0,,Calgary,74254.9,14,234.56,5,5.0,Debit
C1498,29.0,Male,,38686.56,14,323.15,4,0.0,PayPal
C1499,23.0,,,95955.1,8,428.25,3,5.0,Debit
